{"train/loss": 0.001167278503999114, "step": 19740, "_timestamp": 1710020338.8205023, "_runtime": 71137.77472519875, "_step": 1049, "train/data_time": 0.0010442733764648438, "train/batch_time": 3.5370235443115234, "train/scale": 4.605170249938965, "train/lr": 9.248615280488259e-09, "_wandb": {"runtime": 71348}}