{"train/loss": 0.0003977644082624465, "step": 18580, "_timestamp": 1706083023.628887, "_runtime": 66801.33224582672, "_step": 989, "train/data_time": 0.0007219314575195312, "train/batch_time": 3.5354995727539062, "train/scale": 4.605170249938965, "train/lr": 3.775413454995924e-06, "_wandb": {"runtime": 66989}}