{"train/loss": 0.0009735553758218884, "step": 19740, "_timestamp": 1708921543.134802, "_runtime": 71042.08151316643, "_step": 1049, "train/data_time": 0.0009396076202392578, "train/batch_time": 3.5242645740509033, "train/scale": 4.605170249938965, "train/lr": 9.248615280488259e-09, "_wandb": {"runtime": 71248}}