{"train/loss": 0.0009457882260903716, "step": 19740, "_timestamp": 1706665695.4411871, "_runtime": 71219.65439105034, "_step": 1049, "train/data_time": 0.0017559528350830078, "train/batch_time": 3.549370050430298, "train/scale": 4.913325309753418, "train/lr": 9.248615280488259e-09, "_wandb": {"runtime": 71427}}