{"train/loss": 0.0009313393384218216, "step": 19740, "_timestamp": 1709195173.5194168, "_runtime": 71082.12827587128, "_step": 1049, "train/data_time": 0.0009171962738037109, "train/batch_time": 3.5395100116729736, "train/scale": 4.605170249938965, "train/lr": 9.248615280488259e-09, "_wandb": {"runtime": 71291}}