{"train/loss": 0.000866933143697679, "step": 19740, "_timestamp": 1706351528.084284, "_runtime": 71034.93222117424, "_step": 1049, "train/data_time": 0.0015459060668945312, "train/batch_time": 3.529383659362793, "train/scale": 4.907464981079102, "train/lr": 9.248615280488259e-09, "_wandb": {"runtime": 71241}}