{"train/loss": 0.000901693943887949, "step": 19740, "_timestamp": 1706444428.7711751, "_runtime": 71086.7032570839, "_step": 1049, "train/data_time": 0.0018100738525390625, "train/batch_time": 3.5400052070617676, "train/scale": 4.9111738204956055, "train/lr": 9.248615280488259e-09, "_wandb": {"runtime": 71293}}