{"train/loss": 0.0009729246376082301, "step": 19740, "_timestamp": 1707255949.4696226, "_runtime": 71196.86547970772, "_step": 1049, "train/data_time": 0.0015103816986083984, "train/batch_time": 3.548370361328125, "train/scale": 4.914696216583252, "train/lr": 9.248615280488259e-09, "_wandb": {"runtime": 71407}}