{"train/loss": 0.0007570452871732414, "step": 13600, "_timestamp": 1706546067.50045, "_runtime": 48930.7716588974, "_step": 724, "train/data_time": 0.0014541149139404297, "train/batch_time": 3.5429911613464355, "train/scale": 4.887645721435547, "train/lr": 7.02391671561197e-05, "_wandb": {"runtime": 48945}}