{"train/loss": 0.0010375140700489283, "step": 19740, "_timestamp": 1706267019.7860932, "_runtime": 71177.00272417068, "_step": 1049, "train/data_time": 0.0015292167663574219, "train/batch_time": 3.5402746200561523, "train/scale": 4.912329196929932, "train/lr": 9.248615280488259e-09, "_wandb": {"runtime": 71383}}