{"train/loss": 0.0010552241001278162, "step": 19740, "_timestamp": 1709268868.9478157, "_runtime": 71085.37307858467, "_step": 1049, "train/data_time": 0.0009424686431884766, "train/batch_time": 3.5364558696746826, "train/scale": 4.605170249938965, "train/lr": 9.248615280488259e-09, "_wandb": {"runtime": 71294}}