{"train/loss": 0.0009519895538687706, "step": 19740, "_timestamp": 1710450636.7617192, "_runtime": 71262.75002217293, "_step": 1049, "train/data_time": 0.0009274482727050781, "train/batch_time": 3.5344953536987305, "train/scale": 4.605170249938965, "train/lr": 9.248615280488259e-09, "_wandb": {"runtime": 71472}}