{"train/loss": 0.0009998118039220572, "step": 19740, "_timestamp": 1709857209.5613809, "_runtime": 71222.04540491104, "_step": 1049, "train/data_time": 0.0013842582702636719, "train/batch_time": 3.5422446727752686, "train/scale": 4.605170249938965, "train/lr": 9.248615280488259e-09, "_wandb": {"runtime": 71431}}