{"train/loss": 0.0010002560447901487, "step": 19740, "_timestamp": 1708829439.6975172, "_runtime": 70938.32519507408, "_step": 1049, "train/data_time": 0.0008156299591064453, "train/batch_time": 3.525099992752075, "train/scale": 4.605170249938965, "train/lr": 9.248615280488259e-09, "_wandb": {"runtime": 71144}}