{"train/loss": 0.0010859633330255747, "step": 19740, "_timestamp": 1708641516.9272995, "_runtime": 70951.08004951477, "_step": 1049, "train/data_time": 0.0007092952728271484, "train/batch_time": 3.5336618423461914, "train/scale": 4.605170249938965, "train/lr": 9.248615280488259e-09, "_wandb": {"runtime": 71160}}