{"train/loss": 0.000940783997066319, "step": 19740, "_timestamp": 1709450151.3081515, "_runtime": 71071.31844258308, "_step": 1049, "train/data_time": 0.0008907318115234375, "train/batch_time": 3.534886598587036, "train/scale": 4.605170249938965, "train/lr": 9.248615280488259e-09, "_wandb": {"runtime": 71268}}