{"train/loss": 0.02041955664753914, "step": 1260, "_timestamp": 1706550916.3874125, "_runtime": 4548.625520467758, "_step": 69, "train/data_time": 0.0014917850494384766, "train/batch_time": 3.542149782180786, "train/scale": 4.6082563400268555, "train/lr": 1.2610000000000001e-05}