{"train/loss": 0.0009132093982771039, "step": 19740, "_timestamp": 1706154231.081096, "_runtime": 70937.34452104568, "_step": 1049, "train/data_time": 0.0007796287536621094, "train/batch_time": 3.528137683868408, "train/scale": 4.605170249938965, "train/lr": 9.248615280488259e-09, "_wandb": {"runtime": 71147}}