{"train/loss": 0.00099278858397156, "step": 19740, "_timestamp": 1708747520.5671349, "_runtime": 70991.23997092247, "_step": 1049, "train/data_time": 0.0008335113525390625, "train/batch_time": 3.524142026901245, "train/scale": 4.605170249938965, "train/lr": 9.248615280488259e-09, "_wandb": {"runtime": 71196}}