{"train/loss": 0.0008571640937589109, "step": 19740, "_timestamp": 1706006450.3744605, "_runtime": 71261.8856844902, "_step": 1049, "train/data_time": 0.0007829666137695312, "train/batch_time": 3.5393104553222656, "train/scale": 4.605170249938965, "train/lr": 9.248615280488259e-09, "_wandb": {"runtime": 71469}}