{"train/loss": 0.0010400493629276752, "step": 19740, "_timestamp": 1705917869.4570506, "_runtime": 71088.23560857773, "_step": 1049, "train/data_time": 0.0007154941558837891, "train/batch_time": 3.5547146797180176, "train/scale": 4.605170249938965, "train/lr": 9.248615280488259e-09, "_wandb": {"runtime": 71297}}