{"train/loss": 0.0008906257571652532, "step": 19740, "_timestamp": 1707360419.0795054, "_runtime": 71214.13411641121, "_step": 1049, "train/data_time": 0.0015292167663574219, "train/batch_time": 3.548774242401123, "train/scale": 4.910110950469971, "train/lr": 9.248615280488259e-09, "_wandb": {"runtime": 71425}}