{"train/loss": 0.0009915460832417011, "step": 19740, "_timestamp": 1708144494.3610632, "_runtime": 71189.6864182949, "_step": 1049, "train/data_time": 0.0015804767608642578, "train/batch_time": 3.5448501110076904, "train/scale": 4.905064105987549, "train/lr": 9.248615280488259e-09, "_wandb": {"runtime": 71398}}