{"train/loss": 0.000991285196505487, "step": 19740, "_timestamp": 1710360540.3543863, "_runtime": 71271.81260824203, "_step": 1049, "train/data_time": 0.0009634494781494141, "train/batch_time": 3.543823719024658, "train/scale": 4.605170249938965, "train/lr": 9.248615280488259e-09, "_wandb": {"runtime": 71481}}