{"train/loss": 0.0009496064158156514, "step": 19740, "_timestamp": 1710119619.9612184, "_runtime": 71186.01085138321, "_step": 1049, "train/data_time": 0.0009822845458984375, "train/batch_time": 3.537492275238037, "train/scale": 4.605170249938965, "train/lr": 9.248615280488259e-09, "_wandb": {"runtime": 71395}}