{"train/loss": 0.0008708763052709401, "step": 19740, "_timestamp": 1708418733.4210668, "_runtime": 71145.33034086227, "_step": 1049, "train/data_time": 0.001476287841796875, "train/batch_time": 3.5383474826812744, "train/scale": 4.918647766113281, "train/lr": 9.248615280488259e-09, "_wandb": {"runtime": 71354}}