{"train/loss": 0.0009270378504879773, "step": 19740, "_timestamp": 1709639655.5049427, "_runtime": 71188.71831274033, "_step": 1049, "train/data_time": 0.0009174346923828125, "train/batch_time": 3.5629775524139404, "train/scale": 4.605170249938965, "train/lr": 9.248615280488259e-09, "_wandb": {"runtime": 71396}}