{"train/loss": 0.0018663877854123712, "step": 9540, "_timestamp": 1710520023.0501134, "_runtime": 34454.40925741196, "_step": 509, "train/data_time": 0.0006692409515380859, "train/batch_time": 3.5406112670898438, "train/scale": 4.605170249938965, "train/lr": 9.541000000000001e-05}