{"train/loss": 10.971643447875977, "step": 0, "_timestamp": 1706188257.4762099, "_runtime": 45.29012989997864, "_step": 4, "train/data_time": 37.58934664726257, "train/batch_time": 40.48351240158081, "train/scale": 4.605170249938965, "train/lr": 1e-08, "_wandb": {"runtime": 47}}