{"train/loss": 0.001299711293540895, "step": 16900, "_timestamp": 1709024121.6236262, "_runtime": 60813.98473525047, "_step": 899, "train/data_time": 0.0009741783142089844, "train/batch_time": 3.526215076446533, "train/scale": 4.605170249938965, "train/lr": 2.0094473475439222e-05, "_wandb": {"runtime": 60836}}