{"train/loss": 0.0008813503663986921, "step": 19740, "_timestamp": 1708313321.1873324, "_runtime": 71163.0762283802, "_step": 1049, "train/data_time": 0.001718282699584961, "train/batch_time": 3.5422134399414062, "train/scale": 4.919554233551025, "train/lr": 9.248615280488259e-09, "_wandb": {"runtime": 71373}}