{"train/loss": 0.0009457535925321281, "step": 19740, "_timestamp": 1709712735.2528124, "_runtime": 71246.84600543976, "_step": 1049, "train/data_time": 0.001207113265991211, "train/batch_time": 3.5382912158966064, "train/scale": 4.605170249938965, "train/lr": 9.248615280488259e-09, "_wandb": {"runtime": 71456}}