{"train/loss": 0.0008661035681143403, "step": 19740, "_timestamp": 1706950130.8253343, "_runtime": 71211.16701340675, "_step": 1049, "train/data_time": 0.0015687942504882812, "train/batch_time": 3.543200731277466, "train/scale": 4.909267425537109, "train/lr": 9.248615280488259e-09, "_wandb": {"runtime": 71421}}