{"train/loss": 0.0008391637820750475, "step": 19640, "_timestamp": 1706878745.5985134, "_runtime": 70903.31523942947, "_step": 1044, "train/data_time": 0.0016193389892578125, "train/batch_time": 3.5409557819366455, "train/scale": 4.915257453918457, "train/lr": 6.575554083078084e-08, "_wandb": {"runtime": 71026}}