{"train/loss": 0.001112634316086769, "step": 19740, "_timestamp": 1709344130.9608834, "_runtime": 71065.29980945587, "_step": 1049, "train/data_time": 0.0008873939514160156, "train/batch_time": 3.5309367179870605, "train/scale": 4.605170249938965, "train/lr": 9.248615280488259e-09, "_wandb": {"runtime": 71275}}