{"train/loss": 0.001088633667677641, "step": 19740, "_timestamp": 1709784271.1969757, "_runtime": 71207.13761973381, "_step": 1049, "train/data_time": 0.0007722377777099609, "train/batch_time": 3.5434410572052, "train/scale": 4.605170249938965, "train/lr": 9.248615280488259e-09, "_wandb": {"runtime": 71414}}