{"train/loss": 0.00098552240524441, "step": 19740, "_timestamp": 1709938293.525133, "_runtime": 71446.34580898285, "_step": 1049, "train/data_time": 0.000978708267211914, "train/batch_time": 3.555260419845581, "train/scale": 4.605170249938965, "train/lr": 9.248615280488259e-09, "_wandb": {"runtime": 71656}}