{"train/loss": 0.000962652382440865, "step": 19740, "_timestamp": 1709523990.080314, "_runtime": 71089.21379494667, "_step": 1049, "train/data_time": 0.0009365081787109375, "train/batch_time": 3.538421392440796, "train/scale": 4.605170249938965, "train/lr": 9.248615280488259e-09, "_wandb": {"runtime": 71294}}