{"train/loss": 11.1221923828125, "step": 0, "_timestamp": 1706194254.1132588, "_runtime": 44.754480838775635, "_step": 4, "train/data_time": 36.245609998703, "train/batch_time": 38.86918234825134, "train/scale": 4.605170249938965, "train/lr": 1e-08}