{"train/loss": 0.0009306288557127118, "step": 19740, "_timestamp": 1710273183.8277504, "_runtime": 71281.71707654, "_step": 1049, "train/data_time": 0.000985860824584961, "train/batch_time": 3.5334408283233643, "train/scale": 4.605170249938965, "train/lr": 9.248615280488259e-09, "_wandb": {"runtime": 71492}}