{"train/loss": 0.0009287258726544678, "step": 19740, "_timestamp": 1707877720.3188436, "_runtime": 71174.99137353897, "_step": 1049, "train/data_time": 0.0015726089477539062, "train/batch_time": 3.546119213104248, "train/scale": 4.902716636657715, "train/lr": 9.248615280488259e-09, "_wandb": {"runtime": 71385}}