{"train/loss": 0.0010436404263600707, "step": 19740, "_timestamp": 1709096034.530493, "_runtime": 71038.79847311974, "_step": 1049, "train/data_time": 0.0009827613830566406, "train/batch_time": 3.5343306064605713, "train/scale": 4.605170249938965, "train/lr": 9.248615280488259e-09, "_wandb": {"runtime": 71248}}