{"train/loss": 0.0009516595746390522, "step": 19740, "_timestamp": 1710191514.6065722, "_runtime": 71422.11045503616, "_step": 1049, "train/data_time": 0.001001596450805664, "train/batch_time": 3.533324718475342, "train/scale": 4.605170249938965, "train/lr": 9.248615280488259e-09, "_wandb": {"runtime": 71630}}