{"train/loss": 0.0010314948158338666, "step": 19740, "_timestamp": 1707132196.8047256, "_runtime": 71153.3785495758, "_step": 1049, "train/data_time": 0.0014982223510742188, "train/batch_time": 3.546570301055908, "train/scale": 4.9074931144714355, "train/lr": 9.248615280488259e-09, "_wandb": {"runtime": 71361}}