{"train/loss": 0.001003075623884797, "step": 19740, "_timestamp": 1708554105.8936782, "_runtime": 70967.93551111221, "_step": 1049, "train/data_time": 0.0007641315460205078, "train/batch_time": 3.526644706726074, "train/scale": 4.605170249938965, "train/lr": 9.248615280488259e-09, "_wandb": {"runtime": 71177}}