{"train/loss": 0.0008660462335683405, "step": 19740, "_timestamp": 1706751251.737601, "_runtime": 71182.40484309196, "_step": 1049, "train/data_time": 0.0016322135925292969, "train/batch_time": 3.5389244556427, "train/scale": 4.918427467346191, "train/lr": 9.248615280488259e-09, "_wandb": {"runtime": 71390}}